Timestamp,Time,Symbol,LTP,Buy_Qty,Sell_Qty,Difference,Buy_%_Change_3min,Sell_%_Change_3min,Signal
2026-03-12 09:17:43,09:17:43,IDEA,9.52,3427625,2302715,1124910,0.0,0.0,NEUTRAL
2026-03-12 09:17:44,09:17:44,YESBANK,19.21,275118,243848,31270,0.0,0.0,NEUTRAL
2026-03-12 09:18:14,09:18:14,IDEA,9.51,3650599,2713567,937032,3.15,8.19,NEUTRAL
2026-03-12 09:18:14,09:18:14,YESBANK,19.21,248183,240401,7782,-5.15,-0.71,NEUTRAL
2026-03-12 09:18:45,09:18:45,IDEA,9.53,4695041,2561658,2133383,19.64,1.41,BUY SIGNAL
2026-03-12 09:18:45,09:18:45,YESBANK,19.23,227404,279445,-52041,-9.12,9.77,NEUTRAL
2026-03-12 09:19:15,09:19:15,IDEA,9.49,2784153,1866287,917866,-23.5,-20.96,NEUTRAL
2026-03-12 09:19:16,09:19:16,YESBANK,19.22,440652,299587,141065,47.95,12.7,BUY SIGNAL
2026-03-12 09:19:46,09:19:46,IDEA,9.49,2879531,1865843,1013688,-17.43,-17.51,NEUTRAL
2026-03-12 09:19:46,09:19:46,YESBANK,19.21,232517,290430,-57913,-18.35,7.27,NEUTRAL
2026-03-12 09:20:16,09:20:16,IDEA,9.46,2928595,1903145,1025450,-13.72,-13.58,NEUTRAL
2026-03-12 09:20:17,09:20:17,YESBANK,19.2,384732,306637,78095,27.63,10.81,BUY SIGNAL
2026-03-12 09:20:47,09:20:47,IDEA,9.52,2295098,3457563,-1162465,-28.4,44.39,SELL SIGNAL
2026-03-12 09:20:47,09:20:47,YESBANK,19.21,221400,327444,-106044,-24.3,12.66,SELL SIGNAL
2026-03-12 09:21:18,09:21:18,IDEA,9.51,2389526,4507628,-2118102,-20.22,67.34,SELL SIGNAL
2026-03-12 09:21:18,09:21:18,YESBANK,19.21,338239,342760,-4521,10.0,11.39,SELL SIGNAL
2026-03-12 09:21:48,09:21:48,IDEA,9.48,3788384,3267987,520397,33.2,16.24,BUY SIGNAL
2026-03-12 09:21:48,09:21:48,YESBANK,19.22,505121,303562,201559,42.78,-2.62,BUY SIGNAL
2026-03-12 09:22:19,09:22:19,IDEA,9.49,3603639,2389944,1213695,20.9,-17.55,BUY SIGNAL
2026-03-12 09:22:19,09:22:19,YESBANK,19.21,514356,406463,107893,40.51,23.34,BUY SIGNAL
2026-03-12 09:22:49,09:22:49,IDEA,9.43,2268116,2092090,176026,-21.22,-28.75,NEUTRAL
2026-03-12 09:22:50,09:22:50,YESBANK,19.22,645334,460033,185301,48.4,28.57,BUY SIGNAL
2026-03-12 09:23:20,09:23:20,IDEA,9.41,2415589,2202339,213250,-13.52,-26.25,NEUTRAL
2026-03-12 09:23:20,09:23:20,YESBANK,19.2,384137,459512,-75375,-11.64,19.88,SELL SIGNAL
2026-03-12 09:23:51,09:23:51,IDEA,9.37,2849279,2167590,681689,-1.26,-21.78,NEUTRAL
2026-03-12 09:23:51,09:23:51,YESBANK,19.16,535116,326418,208698,9.87,-14.8,NEUTRAL
2026-03-12 09:24:21,09:24:21,IDEA,9.42,2640176,1707714,932462,-9.82,-25.9,NEUTRAL
2026-03-12 09:24:22,09:24:22,YESBANK,19.15,371640,293850,77790,-24.56,-21.63,NEUTRAL
2026-03-12 09:24:52,09:24:52,IDEA,9.45,3084595,2418212,666383,9.76,11.8,NEUTRAL
2026-03-12 09:24:52,09:24:52,YESBANK,19.15,445980,285142,160838,-7.62,-23.33,NEUTRAL
2026-03-12 09:25:23,09:25:23,IDEA,9.39,2645442,3565654,-920212,-0.19,51.16,SELL SIGNAL
2026-03-12 09:25:23,09:25:23,YESBANK,19.18,355618,461698,-106080,-22.07,21.15,SELL SIGNAL
2026-03-12 09:25:53,09:25:53,IDEA,9.43,2118723,1620351,498372,-19.31,-28.94,NEUTRAL
2026-03-12 09:25:54,09:25:54,YESBANK,19.19,304569,466544,-161975,-23.76,22.07,SELL SIGNAL
2026-03-12 09:26:24,09:26:24,IDEA,9.44,3300962,2517660,783302,19.03,7.92,BUY SIGNAL
2026-03-12 09:26:24,09:26:24,YESBANK,19.17,429761,391202,38559,5.56,5.5,NEUTRAL
2026-03-12 09:26:55,09:26:55,IDEA,9.48,2765214,3413850,-648636,0.22,34.37,SELL SIGNAL
2026-03-12 09:26:55,09:26:55,YESBANK,19.2,320170,412476,-92306,-13.77,7.09,NEUTRAL
2026-03-12 09:27:25,09:27:25,IDEA,9.45,3211862,3093743,118119,12.52,11.62,BUY SIGNAL
2026-03-12 09:27:26,09:27:26,YESBANK,19.21,390297,443925,-53628,4.25,8.23,NEUTRAL
2026-03-12 09:27:56,09:27:56,IDEA,9.42,4682561,2106063,2576498,50.04,-22.56,BUY SIGNAL
2026-03-12 09:27:56,09:27:56,YESBANK,19.21,490682,496136,-5454,28.5,11.41,SELL SIGNAL
2026-03-12 09:28:27,09:28:27,IDEA,9.43,5513642,2200399,3313243,53.21,-11.7,BUY SIGNAL
2026-03-12 09:28:27,09:28:27,YESBANK,19.22,427804,421637,6167,8.61,-3.88,NEUTRAL
2026-03-12 09:28:57,09:28:57,IDEA,9.46,4925173,2609205,2315968,21.11,-1.79,BUY SIGNAL
2026-03-12 09:28:58,09:28:58,YESBANK,19.22,358079,604281,-246202,-11.1,30.91,SELL SIGNAL
2026-03-12 09:29:28,09:29:28,IDEA,9.47,2445932,4087914,-1641982,-37.67,40.07,SELL SIGNAL
2026-03-12 09:29:28,09:29:28,YESBANK,19.2,374760,792649,-417889,-4.79,49.98,SELL SIGNAL
2026-03-12 09:29:59,09:29:59,IDEA,9.49,2368679,3843498,-1474819,-38.6,28.54,SELL SIGNAL
2026-03-12 09:29:59,09:29:59,YESBANK,19.22,517208,575717,-58509,21.28,3.6,NEUTRAL
2026-03-12 09:30:29,09:30:29,IDEA,9.48,2627914,4200984,-1573070,-30.12,32.33,SELL SIGNAL
2026-03-12 09:30:30,09:30:30,YESBANK,19.18,765625,409296,356329,56.56,-25.58,BUY SIGNAL
2026-03-12 09:31:00,09:31:00,IDEA,9.49,2806862,5293247,-2486385,-18.6,42.83,SELL SIGNAL
2026-03-12 09:31:00,09:31:00,YESBANK,19.19,774765,466574,308191,44.45,-14.39,BUY SIGNAL
2026-03-12 09:31:31,09:31:31,IDEA,9.5,2903220,5570671,-2667451,-3.64,30.53,SELL SIGNAL
2026-03-12 09:31:31,09:31:31,YESBANK,19.19,808838,643760,165078,34.83,10.6,BUY SIGNAL
2026-03-12 09:32:02,09:32:02,IDEA,9.52,2720133,2971690,-251557,2.82,-31.34,NEUTRAL
2026-03-12 09:32:02,09:32:02,YESBANK,19.17,818990,502473,316517,21.03,-11.08,BUY SIGNAL
2026-03-12 09:32:32,09:32:32,IDEA,9.5,2892197,4257552,-1365355,6.34,-2.27,NEUTRAL
2026-03-12 09:32:33,09:32:33,YESBANK,19.17,918625,456974,461651,19.72,-10.24,BUY SIGNAL
2026-03-12 09:33:03,09:33:03,IDEA,9.5,2881134,4540426,-1659292,2.71,1.52,NEUTRAL
2026-03-12 09:33:04,09:33:04,YESBANK,19.18,927440,503602,423838,10.98,1.31,BUY SIGNAL
2026-03-12 09:33:34,09:33:34,IDEA,9.5,3701894,3897621,-195727,24.05,-11.86,NEUTRAL
2026-03-12 09:33:34,09:33:34,YESBANK,19.2,866731,535153,331578,1.66,3.29,NEUTRAL
2026-03-12 09:34:05,09:34:05,IDEA,9.5,3089526,4541899,-1452373,1.92,5.71,NEUTRAL
2026-03-12 09:34:05,09:34:05,YESBANK,19.19,1099256,540272,558984,21.24,1.87,BUY SIGNAL
2026-03-12 09:34:35,09:34:35,IDEA,9.49,3569056,4256628,-687572,13.58,4.39,NEUTRAL
2026-03-12 09:34:36,09:34:36,YESBANK,19.22,719767,976808,-257041,-19.29,66.72,SELL SIGNAL
2026-03-12 09:35:06,09:35:06,IDEA,9.49,2410877,4105873,-1694996,-22.0,-3.77,NEUTRAL
2026-03-12 09:35:06,09:35:06,YESBANK,19.21,820659,992093,-171434,-8.01,48.63,SELL SIGNAL
2026-03-12 09:35:37,09:35:37,IDEA,9.48,2849479,3836138,-986659,-7.59,-8.59,NEUTRAL
2026-03-12 09:35:37,09:35:37,YESBANK,19.2,1156314,547892,608422,24.11,-19.74,BUY SIGNAL
2026-03-12 09:36:08,09:36:08,IDEA,9.46,3542471,3595766,-53295,10.91,-10.97,NEUTRAL
2026-03-12 09:36:08,09:36:08,YESBANK,19.16,587058,259060,327998,-32.9,-59.64,NEUTRAL
2026-03-12 09:36:39,09:36:39,IDEA,9.46,3527420,2841329,686091,11.46,-26.45,BUY SIGNAL
2026-03-12 09:36:39,09:36:39,YESBANK,19.15,475289,336506,138783,-41.3,-44.72,NEUTRAL
2026-03-12 09:37:09,09:37:09,IDEA,9.46,3717821,3168344,549477,13.71,-12.81,BUY SIGNAL
2026-03-12 09:37:09,09:37:09,YESBANK,19.16,595436,462700,132736,-17.96,-22.35,NEUTRAL
2026-03-12 09:37:40,09:37:40,IDEA,9.46,3754934,3150112,604822,13.77,-8.68,BUY SIGNAL
2026-03-12 09:37:40,09:37:40,YESBANK,19.14,807457,427826,379631,9.06,-15.17,NEUTRAL
2026-03-12 09:38:10,09:38:10,IDEA,9.46,3610979,3516675,94304,3.16,4.93,NEUTRAL
2026-03-12 09:38:11,09:38:11,YESBANK,19.17,335652,591937,-256285,-49.11,35.25,SELL SIGNAL
2026-03-12 09:38:41,09:38:41,IDEA,9.46,4892560,2986666,1905894,27.38,-6.95,BUY SIGNAL
2026-03-12 09:38:41,09:38:41,YESBANK,19.16,520833,505151,15682,-5.92,17.33,NEUTRAL
2026-03-12 09:39:12,09:39:12,IDEA,9.45,7536551,3217085,4319466,67.23,2.24,BUY SIGNAL
2026-03-12 09:39:12,09:39:12,YESBANK,19.15,764770,421044,343726,31.12,-7.97,BUY SIGNAL
2026-03-12 09:39:42,09:39:42,IDEA,9.44,7351942,3377979,3973963,42.92,4.38,BUY SIGNAL
2026-03-12 09:39:42,09:39:42,YESBANK,19.11,746400,546593,199807,18.77,10.97,BUY SIGNAL
2026-03-12 09:40:13,09:40:13,IDEA,9.43,6958628,2928097,4030531,22.42,-8.39,BUY SIGNAL
2026-03-12 09:40:13,09:40:13,YESBANK,19.08,337511,321695,15816,-42.35,-31.41,NEUTRAL
2026-03-12 09:40:43,09:40:43,IDEA,9.45,6539627,3328910,3210717,6.36,3.19,NEUTRAL
2026-03-12 09:40:44,09:40:44,YESBANK,19.13,491969,280562,211407,-7.67,-36.88,NEUTRAL
2026-03-12 09:41:14,09:41:14,IDEA,9.45,7450156,3151935,4298221,9.75,-0.42,NEUTRAL
2026-03-12 09:41:14,09:41:14,YESBANK,19.1,323473,480627,-157154,-39.06,12.84,SELL SIGNAL
2026-03-12 09:41:45,09:41:45,IDEA,9.44,7940864,3336486,4604378,8.83,3.51,NEUTRAL
2026-03-12 09:41:45,09:41:45,YESBANK,19.1,417843,388462,29381,-18.65,-4.44,NEUTRAL
2026-03-12 09:42:15,09:42:15,IDEA,9.45,7935328,3136877,4798451,7.78,-2.28,NEUTRAL
2026-03-12 09:42:15,09:42:15,YESBANK,19.1,699026,543296,155730,39.05,27.27,BUY SIGNAL
2026-03-12 09:42:46,09:42:46,IDEA,9.46,7999687,2760484,5239203,7.08,-11.16,NEUTRAL
2026-03-12 09:42:46,09:42:46,YESBANK,19.11,364700,623432,-258732,-16.94,41.79,SELL SIGNAL
2026-03-12 09:43:17,09:43:17,IDEA,9.46,4574428,3072029,1502399,-35.33,-1.89,NEUTRAL
2026-03-12 09:43:18,09:43:18,YESBANK,19.13,457393,542210,-84817,-0.36,13.81,SELL SIGNAL
2026-03-12 09:43:49,09:43:49,IDEA,9.45,7862364,3313195,4549169,7.8,5.9,NEUTRAL
2026-03-12 09:43:49,09:43:49,YESBANK,19.09,776937,449170,327767,53.37,-10.97,BUY SIGNAL
2026-03-12 09:44:19,09:44:19,IDEA,9.45,7928677,3199323,4729354,7.53,2.01,NEUTRAL
2026-03-12 09:44:19,09:44:19,YESBANK,19.09,969722,448756,520966,57.87,-10.11,BUY SIGNAL
2026-03-12 09:44:50,09:44:50,IDEA,9.45,4408964,3489866,919098,-35.02,10.37,NEUTRAL
2026-03-12 09:44:50,09:44:50,YESBANK,19.09,668866,501675,167191,1.94,-3.17,NEUTRAL
2026-03-12 09:45:20,09:45:20,IDEA,9.46,5220365,3167745,2052620,-17.56,0.02,NEUTRAL
2026-03-12 09:45:21,09:45:21,YESBANK,19.12,364380,493811,-129431,-39.3,-3.14,NEUTRAL
2026-03-12 09:45:51,09:45:51,IDEA,9.46,4547685,3780494,767191,-21.01,13.29,NEUTRAL
2026-03-12 09:45:51,09:45:51,YESBANK,19.11,424376,523588,-99212,-30.46,6.16,NEUTRAL
2026-03-12 09:46:22,09:46:22,IDEA,9.47,4658080,3953460,704620,-19.29,13.47,NEUTRAL
2026-03-12 09:46:22,09:46:22,YESBANK,19.12,471256,529885,-58629,-23.07,7.89,NEUTRAL
2026-03-12 09:46:52,09:46:52,IDEA,9.46,4902558,3588259,1314299,-7.11,1.65,NEUTRAL
2026-03-12 09:46:52,09:46:52,YESBANK,19.14,306462,647063,-340601,-42.63,23.45,SELL SIGNAL
2026-03-12 09:47:23,09:47:23,IDEA,9.46,5366020,3891656,1474364,10.63,6.76,BUY SIGNAL
2026-03-12 09:47:23,09:47:23,YESBANK,19.1,343878,587949,-244071,-20.0,7.42,NEUTRAL
2026-03-12 09:47:53,09:47:53,IDEA,9.46,5311786,4047456,1264330,6.21,8.27,NEUTRAL
2026-03-12 09:47:54,09:47:54,YESBANK,19.08,849635,444549,405086,84.7,-17.34,BUY SIGNAL
2026-03-12 09:48:24,09:48:24,IDEA,9.46,5547496,4098710,1448786,9.73,5.27,NEUTRAL
2026-03-12 09:48:24,09:48:24,YESBANK,19.09,668504,475525,192979,30.9,-11.08,BUY SIGNAL
2026-03-12 09:48:55,09:48:55,IDEA,9.46,5575545,3837726,1737819,6.67,-1.67,NEUTRAL
2026-03-12 09:48:55,09:48:55,YESBANK,19.12,255686,534380,-278694,-47.02,-0.41,NEUTRAL
2026-03-12 09:49:25,09:49:25,IDEA,9.47,5274868,4896613,378255,-1.03,20.6,NEUTRAL
2026-03-12 09:49:26,09:49:26,YESBANK,19.13,342643,673209,-330566,-25.7,20.12,SELL SIGNAL
2026-03-12 09:49:56,09:49:56,IDEA,9.48,3971136,5118891,-1147755,-23.26,18.63,SELL SIGNAL
2026-03-12 09:49:56,09:49:56,YESBANK,19.14,359744,691380,-331636,-23.46,21.76,SELL SIGNAL
2026-03-12 09:50:27,09:50:27,IDEA,9.48,4346861,5607217,-1260356,-13.14,21.87,SELL SIGNAL
2026-03-12 09:50:27,09:50:27,YESBANK,19.15,415966,648457,-232491,-13.71,12.21,SELL SIGNAL
2026-03-12 09:50:57,09:50:57,IDEA,9.48,4487697,5515723,-1028026,-7.8,13.82,SELL SIGNAL
2026-03-12 09:50:57,09:50:57,YESBANK,19.14,388651,550333,-161682,-4.08,-7.59,NEUTRAL
2026-03-12 09:51:28,09:51:28,IDEA,9.48,4237742,5686104,-1448362,-8.85,11.27,SELL SIGNAL
2026-03-12 09:51:28,09:51:28,YESBANK,19.13,449655,448340,1315,21.95,-24.14,BUY SIGNAL
2026-03-12 09:51:58,09:51:58,IDEA,9.49,4066943,5682497,-1615554,-7.52,4.88,NEUTRAL
2026-03-12 09:51:58,09:51:58,YESBANK,19.15,484300,519624,-35324,19.04,-11.71,NEUTRAL
2026-03-12 09:52:29,09:52:29,IDEA,9.49,4201947,6620120,-2418173,-0.4,16.04,SELL SIGNAL
2026-03-12 09:52:29,09:52:29,YESBANK,19.16,593972,477767,116205,32.37,-14.07,BUY SIGNAL
2026-03-12 09:52:59,09:52:59,IDEA,9.49,4560354,6594577,-2034223,5.64,10.81,SELL SIGNAL
2026-03-12 09:53:00,09:53:00,YESBANK,19.13,647668,612705,34963,30.39,12.86,BUY SIGNAL
2026-03-12 09:53:30,09:53:30,IDEA,9.49,4290997,6534288,-2243291,-0.39,7.02,NEUTRAL
2026-03-12 09:53:30,09:53:30,YESBANK,19.12,585652,322881,262771,11.56,-33.92,BUY SIGNAL
2026-03-12 09:54:01,09:54:01,IDEA,9.49,4137678,6571785,-2434107,-2.63,4.62,NEUTRAL
2026-03-12 09:54:01,09:54:01,YESBANK,19.14,580079,608281,-28202,4.16,22.08,SELL SIGNAL
2026-03-12 09:54:31,09:54:31,IDEA,9.49,4305119,6381427,-2076308,1.05,-0.25,NEUTRAL
2026-03-12 09:54:31,09:54:31,YESBANK,19.16,547877,621870,-73993,-4.43,17.96,SELL SIGNAL
2026-03-12 09:55:02,09:55:02,IDEA,9.5,3641493,6781662,-3140169,-13.08,3.05,NEUTRAL
2026-03-12 09:55:02,09:55:02,YESBANK,19.17,567394,561255,6139,-3.36,5.08,NEUTRAL
2026-03-12 09:55:33,09:55:33,IDEA,9.5,3837176,5486294,-1649118,-7.06,-14.16,NEUTRAL
2026-03-12 09:55:33,09:55:33,YESBANK,19.13,852781,557303,295478,35.31,1.81,BUY SIGNAL
2026-03-12 09:56:03,09:56:03,IDEA,9.49,3626500,5007444,-1380944,-8.73,-18.27,NEUTRAL
2026-03-12 09:56:04,09:56:04,YESBANK,19.15,862077,620841,241236,29.45,13.14,BUY SIGNAL
2026-03-12 09:56:34,09:56:34,IDEA,9.49,4526140,4495351,30789,12.81,-22.32,BUY SIGNAL
2026-03-12 09:56:34,09:56:34,YESBANK,19.14,684549,644497,40052,0.31,7.0,NEUTRAL
2026-03-12 09:57:05,09:57:05,IDEA,9.48,4928906,4846748,82158,18.93,-11.87,BUY SIGNAL
2026-03-12 09:57:05,09:57:05,YESBANK,19.15,635843,577177,58666,-8.08,-3.35,NEUTRAL
2026-03-12 09:57:35,09:57:35,IDEA,9.5,3929343,5414857,-1485514,-3.73,1.43,NEUTRAL
2026-03-12 09:57:36,09:57:36,YESBANK,19.18,477503,443333,34170,-29.78,-21.87,NEUTRAL
2026-03-12 09:58:06,09:58:06,IDEA,9.51,4679043,5631490,-952447,9.98,9.41,NEUTRAL
2026-03-12 09:58:06,09:58:06,YESBANK,19.18,607766,407369,200397,-11.5,-24.81,NEUTRAL
2026-03-12 09:58:37,09:58:37,IDEA,9.49,4066374,4814025,-747651,-5.27,-4.39,NEUTRAL
2026-03-12 09:58:37,09:58:37,YESBANK,19.18,503521,475761,27760,-19.89,-9.92,NEUTRAL
2026-03-12 09:59:07,09:59:07,IDEA,9.51,3981469,4748315,-766846,-8.51,-4.88,NEUTRAL
2026-03-12 09:59:08,09:59:08,YESBANK,19.22,324333,1099937,-775604,-39.82,80.91,SELL SIGNAL
2026-03-12 09:59:38,09:59:38,IDEA,9.51,4335156,4484910,-149754,0.35,-10.12,NEUTRAL
2026-03-12 09:59:38,09:59:38,YESBANK,19.23,448115,1161726,-713611,-10.29,67.34,SELL SIGNAL
2026-03-12 10:00:09,10:00:09,IDEA,9.5,4781481,4406165,375316,11.31,-10.38,BUY SIGNAL
2026-03-12 10:00:09,10:00:09,YESBANK,19.21,627310,1176512,-549202,25.94,48.16,SELL SIGNAL
2026-03-12 10:00:39,10:00:39,IDEA,9.51,4195974,4422859,-226885,-3.32,-6.91,NEUTRAL
2026-03-12 10:00:39,10:00:39,YESBANK,19.19,479492,420623,58869,-3.8,-46.78,NEUTRAL
2026-03-12 10:01:10,10:01:10,IDEA,9.51,3674617,4993896,-1319279,-11.93,7.51,NEUTRAL
2026-03-12 10:01:10,10:01:10,YESBANK,19.19,525215,1176954,-651739,8.37,28.13,SELL SIGNAL
2026-03-12 10:01:40,10:01:40,IDEA,9.5,4151886,4100218,51668,-0.83,-9.41,NEUTRAL
2026-03-12 10:01:41,10:01:41,YESBANK,19.18,495107,449064,46043,2.45,-50.88,NEUTRAL
2026-03-12 10:02:11,10:02:11,IDEA,9.51,3916319,5192711,-1276392,-6.22,12.88,SELL SIGNAL
2026-03-12 10:02:11,10:02:11,YESBANK,19.2,459828,1186726,-726898,-9.1,27.8,SELL SIGNAL
2026-03-12 10:02:42,10:02:42,IDEA,9.52,4402575,5396377,-993802,5.15,13.56,SELL SIGNAL
2026-03-12 10:02:42,10:02:42,YESBANK,19.21,528241,575544,-47303,1.74,-30.73,NEUTRAL
2026-03-12 10:03:12,10:03:12,IDEA,9.52,4498467,5544822,-1046355,8.66,12.2,SELL SIGNAL
2026-03-12 10:03:13,10:03:13,YESBANK,19.2,517213,1113331,-596118,3.27,35.71,SELL SIGNAL
2026-03-12 10:03:43,10:03:43,IDEA,9.51,5223680,5778619,-554939,21.16,11.82,SELL SIGNAL
2026-03-12 10:03:43,10:03:43,YESBANK,19.2,609634,991750,-382116,16.67,8.32,NEUTRAL
2026-03-12 10:04:14,10:04:14,IDEA,9.51,5796384,5799559,-3175,24.26,9.38,NEUTRAL
2026-03-12 10:04:14,10:04:14,YESBANK,19.22,596294,1036087,-439793,11.58,16.14,SELL SIGNAL
2026-03-12 10:04:44,10:04:44,IDEA,9.5,5872921,5814077,58844,18.6,4.05,BUY SIGNAL
2026-03-12 10:04:45,10:04:45,YESBANK,19.2,575183,1166632,-591449,5.01,15.32,SELL SIGNAL
2026-03-12 10:05:15,10:05:15,IDEA,9.5,6192867,5437912,754955,16.16,-3.39,BUY SIGNAL
2026-03-12 10:05:15,10:05:15,YESBANK,19.21,543926,1141364,-597438,-3.17,13.67,SELL SIGNAL
2026-03-12 10:05:46,10:05:46,IDEA,9.51,5421905,5567617,-145712,-1.44,-1.58,NEUTRAL
2026-03-12 10:05:46,10:05:46,YESBANK,19.2,594840,1148049,-553209,3.84,4.41,NEUTRAL
2026-03-12 10:06:16,10:06:16,IDEA,9.51,5345034,5722806,-377772,-5.27,0.63,NEUTRAL
2026-03-12 10:06:17,10:06:17,YESBANK,19.18,602689,444706,157983,2.66,-54.99,NEUTRAL
2026-03-12 10:06:47,10:06:47,IDEA,9.5,4843389,4858329,-14940,-13.18,-12.2,NEUTRAL
2026-03-12 10:06:47,10:06:47,YESBANK,19.19,538743,781250,-242507,-6.35,-18.02,NEUTRAL
2026-03-12 10:07:18,10:07:18,IDEA,9.49,4147322,5467199,-1319877,-21.81,-0.2,NEUTRAL
2026-03-12 10:07:18,10:07:18,YESBANK,19.18,562249,545334,16915,-1.29,-37.41,NEUTRAL
2026-03-12 10:07:48,10:07:48,IDEA,9.47,5055514,5532474,-476960,-2.17,1.87,NEUTRAL
2026-03-12 10:07:49,10:07:49,YESBANK,19.18,452457,677580,-225123,-17.61,-14.2,NEUTRAL
2026-03-12 10:08:19,10:08:19,IDEA,9.48,5291456,5366389,-74933,5.46,-0.97,NEUTRAL
2026-03-12 10:08:19,10:08:19,YESBANK,19.18,533790,662506,-128716,-2.5,-6.68,NEUTRAL
2026-03-12 10:08:50,10:08:50,IDEA,9.48,5285164,5604352,-319188,5.82,3.3,NEUTRAL
2026-03-12 10:08:50,10:08:50,YESBANK,19.18,562179,645680,-83501,3.72,3.11,NEUTRAL
2026-03-12 10:09:20,10:09:20,IDEA,9.48,5337008,5348926,-11918,6.88,-0.26,NEUTRAL
2026-03-12 10:09:20,10:09:20,YESBANK,19.18,621593,615465,6128,14.02,-5.98,BUY SIGNAL
2026-03-12 10:09:51,10:09:51,IDEA,9.48,5274076,4892623,381453,4.13,-8.87,NEUTRAL
2026-03-12 10:09:51,10:09:51,YESBANK,19.18,606861,385298,221563,9.05,-34.54,NEUTRAL
2026-03-12 10:10:22,10:10:22,IDEA,9.48,5633834,4954388,679446,6.04,-6.22,NEUTRAL
2026-03-12 10:10:22,10:10:22,YESBANK,19.2,483804,554590,-70786,-10.97,-6.03,NEUTRAL
2026-03-12 10:10:52,10:10:52,IDEA,9.49,5074775,4572719,502056,-4.54,-10.75,NEUTRAL
2026-03-12 10:10:53,10:10:53,YESBANK,19.2,515353,589786,-74433,-6.96,2.47,NEUTRAL
2026-03-12 10:11:23,10:11:23,IDEA,9.48,5360435,4688925,671510,0.62,-6.41,NEUTRAL
2026-03-12 10:11:23,10:11:23,YESBANK,19.18,559973,1360889,-800916,0.3,96.67,SELL SIGNAL
2026-03-12 10:11:53,10:11:53,IDEA,9.48,5103252,6321698,-1218446,-3.66,23.23,SELL SIGNAL
2026-03-12 10:11:54,10:11:54,YESBANK,19.16,542822,1174408,-631586,-2.21,50.55,SELL SIGNAL
2026-03-12 10:12:24,10:12:24,IDEA,9.48,5721234,6288849,-567615,6.71,18.96,SELL SIGNAL
2026-03-12 10:12:24,10:12:24,YESBANK,19.16,719119,1084885,-365766,25.87,26.4,SELL SIGNAL
2026-03-12 10:12:55,10:12:55,IDEA,9.47,6070592,4509569,1561023,10.49,-13.65,BUY SIGNAL
2026-03-12 10:12:55,10:12:55,YESBANK,19.16,669402,1038310,-368908,15.07,7.36,NEUTRAL
2026-03-12 10:13:25,10:13:25,IDEA,9.46,5816685,5187227,629458,5.29,-1.41,NEUTRAL
2026-03-12 10:13:26,10:13:26,YESBANK,19.15,729720,994255,-264535,17.18,-4.44,NEUTRAL
2026-03-12 10:13:56,10:13:56,IDEA,9.46,6454803,4237667,2217136,12.17,-18.59,BUY SIGNAL
2026-03-12 10:13:56,10:13:56,YESBANK,19.14,697159,848445,-151286,6.76,-21.7,NEUTRAL
2026-03-12 10:14:27,10:14:27,IDEA,9.46,6501179,4360856,2140323,9.36,-15.34,NEUTRAL
2026-03-12 10:14:27,10:14:27,YESBANK,19.13,698069,1163224,-465155,3.26,10.72,SELL SIGNAL
2026-03-12 10:14:57,10:14:57,IDEA,9.45,6904862,4112836,2792026,10.57,-14.01,BUY SIGNAL
2026-03-12 10:14:57,10:14:57,YESBANK,19.1,454069,504094,-50025,-31.33,-46.31,NEUTRAL
2026-03-12 10:15:28,10:15:28,IDEA,9.45,6953466,3920530,3032936,7.8,-10.66,NEUTRAL
2026-03-12 10:15:28,10:15:28,YESBANK,19.13,453076,434690,18386,-26.56,-47.66,NEUTRAL
2026-03-12 10:15:59,10:15:59,IDEA,9.47,5848934,4783634,1065300,-8.8,7.89,NEUTRAL
2026-03-12 10:15:59,10:15:59,YESBANK,19.1,501143,558332,-57189,-14.9,-25.61,NEUTRAL
2026-03-12 10:16:30,10:16:30,IDEA,9.46,5801765,5031846,769919,-9.5,14.16,NEUTRAL
2026-03-12 10:16:30,10:16:30,YESBANK,19.1,567677,567238,439,1.03,-16.5,NEUTRAL
2026-03-12 13:51:49,13:51:49,IDEA,9.68,4408410,3782547,625863,-27.37,-12.68,NEUTRAL
2026-03-12 13:51:50,13:51:50,YESBANK,19.41,545232,324561,220671,1.62,-45.18,NEUTRAL
2026-03-12 13:52:20,13:52:20,IDEA,9.69,3311562,4722625,-1411063,-40.2,7.52,NEUTRAL
2026-03-12 13:52:21,13:52:21,YESBANK,19.41,515392,380249,135143,1.84,-17.61,NEUTRAL
2026-03-12 13:52:51,13:52:51,IDEA,9.69,3714353,4758874,-1044521,-25.81,5.75,NEUTRAL
2026-03-12 13:52:51,13:52:51,YESBANK,19.41,515362,398398,116964,-0.18,-10.25,NEUTRAL
2026-03-12 13:53:22,13:53:22,IDEA,9.68,4680784,3861599,819185,1.15,-14.0,NEUTRAL
2026-03-12 13:53:22,13:53:22,YESBANK,19.41,561645,406151,155494,5.1,-7.52,NEUTRAL
2026-03-12 13:53:53,13:53:53,IDEA,9.68,5506147,3968838,1537309,20.47,-8.85,BUY SIGNAL
2026-03-12 13:53:54,13:53:54,YESBANK,19.41,556076,379794,176282,2.3,-7.23,NEUTRAL
2026-03-12 13:54:24,13:54:24,IDEA,9.68,4753874,3814158,939716,8.14,-8.12,NEUTRAL
2026-03-12 13:54:24,13:54:24,YESBANK,19.41,700205,299043,401162,23.79,-18.0,BUY SIGNAL
2026-03-12 13:54:55,13:54:55,IDEA,9.68,3864676,4214613,-349937,-10.23,-0.21,NEUTRAL
2026-03-12 13:54:55,13:54:55,YESBANK,19.41,706503,436555,269948,19.23,13.87,BUY SIGNAL
2026-03-12 13:55:25,13:55:25,IDEA,9.67,3694055,3981073,-287018,-15.45,-2.9,NEUTRAL
2026-03-12 13:55:26,13:55:26,YESBANK,19.41,720591,461559,259032,14.98,16.29,BUY SIGNAL
2026-03-12 13:55:56,13:55:56,IDEA,9.67,3579653,4079608,-499955,-17.64,2.33,NEUTRAL
2026-03-12 13:55:56,13:55:56,YESBANK,19.41,594907,429562,165345,-7.04,6.83,NEUTRAL
2026-03-12 13:56:27,13:56:27,IDEA,9.68,3614101,3836951,-222850,-13.3,-3.66,NEUTRAL
2026-03-12 13:56:27,13:56:27,YESBANK,19.41,688014,505535,182479,4.08,20.75,NEUTRAL
2026-03-12 13:56:57,13:56:57,IDEA,9.68,3631321,4027361,-396040,-5.83,0.88,NEUTRAL
2026-03-12 13:56:58,13:56:58,YESBANK,19.4,673350,486613,186737,-1.06,11.49,NEUTRAL
2026-03-12 13:57:28,13:57:28,IDEA,9.68,4305384,4034810,270574,13.85,0.14,BUY SIGNAL
2026-03-12 13:57:28,13:57:28,YESBANK,19.41,690657,480305,210352,1.72,2.92,NEUTRAL
2026-03-12 13:57:59,13:57:59,IDEA,9.66,3887546,3956892,-69346,2.7,-0.73,NEUTRAL
2026-03-12 13:57:59,13:57:59,YESBANK,19.38,523472,541826,-18354,-19.28,11.89,SELL SIGNAL
2026-03-12 13:58:29,13:58:29,IDEA,9.66,3857583,3929999,-72416,1.18,-1.2,NEUTRAL
2026-03-12 13:58:30,13:58:30,YESBANK,19.38,469234,471687,-2453,-22.65,-2.93,NEUTRAL
2026-03-12 13:59:00,13:59:00,IDEA,9.66,3875590,4057706,-182116,0.35,2.11,NEUTRAL
2026-03-12 13:59:00,13:59:00,YESBANK,19.38,398929,521099,-122170,-30.49,3.97,NEUTRAL
2026-03-12 13:59:30,13:59:30,IDEA,9.66,3494512,4477577,-983065,-9.04,9.73,NEUTRAL
2026-03-12 13:59:31,13:59:31,YESBANK,19.39,467763,421038,46725,-12.93,-13.56,NEUTRAL
2026-03-12 14:00:01,14:00:01,IDEA,9.65,3191860,4026286,-834426,-15.31,-1.33,NEUTRAL
2026-03-12 14:00:01,14:00:01,YESBANK,19.38,356350,466265,-109915,-26.43,-3.61,NEUTRAL
2026-03-12 14:00:32,14:00:32,IDEA,9.66,3899847,3303463,596384,5.37,-16.55,NEUTRAL
2026-03-12 14:00:32,14:00:32,YESBANK,19.4,266328,546821,-280493,-35.62,10.52,SELL SIGNAL
2026-03-12 14:01:02,14:01:02,IDEA,9.67,4072658,3757999,314659,9.13,-4.27,NEUTRAL
2026-03-12 14:01:03,14:01:03,YESBANK,19.4,447003,390859,56144,11.49,-16.77,BUY SIGNAL
2026-03-12 14:01:33,14:01:33,IDEA,9.67,4317404,3801735,515669,13.36,-2.62,BUY SIGNAL
2026-03-12 14:01:33,14:01:33,YESBANK,19.41,471829,452518,19311,17.56,-2.98,BUY SIGNAL
2026-03-12 14:02:04,14:02:04,IDEA,9.68,4687594,3532038,1155556,18.85,-7.45,BUY SIGNAL
2026-03-12 14:02:04,14:02:04,YESBANK,19.4,482877,483668,-791,16.26,5.1,NEUTRAL
2026-03-12 14:02:34,14:02:34,IDEA,9.67,3943628,4100238,-156610,-1.87,9.23,NEUTRAL
2026-03-12 14:02:34,14:02:34,YESBANK,19.41,417093,491532,-74439,2.5,4.15,NEUTRAL
2026-03-12 14:03:05,14:03:05,IDEA,9.68,4298533,3633364,665169,2.27,-1.49,NEUTRAL
2026-03-12 14:03:05,14:03:05,YESBANK,19.41,428712,512253,-83541,2.32,6.81,NEUTRAL
2026-03-12 14:03:35,14:03:35,IDEA,9.67,4400581,3742528,658053,2.66,-0.5,NEUTRAL
2026-03-12 14:03:36,14:03:36,YESBANK,19.4,494772,493616,1156,8.25,4.86,NEUTRAL
2026-03-12 16:39:28,16:39:28,IDEA,9.56,1519,0,1519,-99.96,-100.0,NEUTRAL
2026-03-12 16:39:29,16:39:29,YESBANK,19.31,0,201,-201,-100.0,-99.95,NEUTRAL
2026-03-12 16:39:59,16:39:59,IDEA,9.56,1519,0,1519,-99.95,-100.0,NEUTRAL
2026-03-12 16:39:59,16:39:59,YESBANK,19.31,0,201,-201,-100.0,-99.94,NEUTRAL
2026-03-12 16:40:30,16:40:30,IDEA,9.56,1519,0,1519,-99.93,-100.0,NEUTRAL
2026-03-12 16:40:31,16:40:31,YESBANK,19.31,0,201,-201,-100.0,-99.92,NEUTRAL
2026-03-12 16:41:02,16:41:02,IDEA,9.56,1519,0,1519,-99.9,-100.0,NEUTRAL
2026-03-12 16:41:02,16:41:02,YESBANK,19.31,0,201,-201,-100.0,-99.88,NEUTRAL
2026-03-12 16:41:34,16:41:34,IDEA,9.56,1519,0,1519,-99.79,-100.0,NEUTRAL
2026-03-12 16:41:34,16:41:34,YESBANK,19.31,0,201,-201,-100.0,-99.76,NEUTRAL
2026-03-12 16:42:04,16:42:04,IDEA,9.56,1519,0,1519,0.0,0.0,NEUTRAL
2026-03-12 16:42:05,16:42:05,YESBANK,19.31,0,201,-201,0.0,0.0,NEUTRAL
2026-03-12 16:42:39,16:42:39,IDEA,9.56,1519,0,1519,0.0,0.0,NEUTRAL
2026-03-12 16:42:43,16:42:43,YESBANK,19.31,0,201,-201,0.0,0.0,NEUTRAL
2026-03-12 16:43:13,16:43:13,IDEA,9.56,1519,0,1519,0.0,0.0,NEUTRAL
2026-03-12 16:43:13,16:43:13,YESBANK,19.31,0,201,-201,0.0,0.0,NEUTRAL
2026-03-12 16:43:44,16:43:44,IDEA,9.56,1519,0,1519,0.0,0.0,NEUTRAL
2026-03-12 16:43:44,16:43:44,YESBANK,19.31,0,201,-201,0.0,0.0,NEUTRAL
2026-03-12 16:44:15,16:44:15,IDEA,9.56,1519,0,1519,0.0,0.0,NEUTRAL
2026-03-12 16:44:15,16:44:15,YESBANK,19.31,0,201,-201,0.0,0.0,NEUTRAL
2026-03-12 16:44:46,16:44:46,IDEA,9.56,1519,0,1519,0.0,0.0,NEUTRAL
2026-03-12 16:44:46,16:44:46,YESBANK,19.31,0,201,-201,0.0,0.0,NEUTRAL
2026-03-12 16:45:17,16:45:17,IDEA,9.56,1519,0,1519,0.0,0.0,NEUTRAL
2026-03-12 16:45:17,16:45:17,YESBANK,19.31,0,201,-201,0.0,0.0,NEUTRAL
2026-03-12 16:45:48,16:45:48,IDEA,9.56,1519,0,1519,0.0,0.0,NEUTRAL
2026-03-12 16:45:48,16:45:48,YESBANK,19.31,0,201,-201,0.0,0.0,NEUTRAL
2026-03-12 16:46:19,16:46:19,IDEA,9.56,1519,0,1519,0.0,0.0,NEUTRAL
2026-03-12 16:46:19,16:46:19,YESBANK,19.31,0,201,-201,0.0,0.0,NEUTRAL
2026-03-12 16:46:54,16:46:54,IDEA,9.56,1519,0,1519,0.0,0.0,NEUTRAL
2026-03-12 16:46:56,16:46:56,YESBANK,19.31,0,201,-201,0.0,0.0,NEUTRAL
2026-03-12 16:47:29,16:47:29,IDEA,9.56,1519,0,1519,0.0,0.0,NEUTRAL
2026-03-12 16:47:30,16:47:30,YESBANK,19.31,0,201,-201,0.0,0.0,NEUTRAL
2026-03-12 16:48:00,16:48:00,IDEA,9.56,1519,0,1519,0.0,0.0,NEUTRAL
2026-03-12 16:48:01,16:48:01,YESBANK,19.31,0,201,-201,0.0,0.0,NEUTRAL
2026-03-12 16:48:34,16:48:34,IDEA,9.56,1519,0,1519,0.0,0.0,NEUTRAL
2026-03-12 16:48:35,16:48:35,YESBANK,19.31,0,201,-201,0.0,0.0,NEUTRAL
2026-03-12 16:49:05,16:49:05,IDEA,9.56,1519,0,1519,0.0,0.0,NEUTRAL
2026-03-12 16:49:06,16:49:06,YESBANK,19.31,0,201,-201,0.0,0.0,NEUTRAL
2026-03-12 16:49:36,16:49:36,IDEA,9.56,1519,0,1519,0.0,0.0,NEUTRAL
2026-03-12 16:49:37,16:49:37,YESBANK,19.31,0,201,-201,0.0,0.0,NEUTRAL
2026-03-12 16:50:07,16:50:07,IDEA,9.56,1519,0,1519,0.0,0.0,NEUTRAL
2026-03-12 16:50:07,16:50:07,YESBANK,19.31,0,201,-201,0.0,0.0,NEUTRAL
2026-03-12 16:50:38,16:50:38,IDEA,9.56,1519,0,1519,0.0,0.0,NEUTRAL
2026-03-12 16:50:39,16:50:39,YESBANK,19.31,0,201,-201,0.0,0.0,NEUTRAL
2026-03-12 16:51:10,16:51:10,IDEA,9.56,1519,0,1519,0.0,0.0,NEUTRAL
2026-03-12 16:51:10,16:51:10,YESBANK,19.31,0,201,-201,0.0,0.0,NEUTRAL
2026-03-12 16:51:41,16:51:41,IDEA,9.56,1519,0,1519,0.0,0.0,NEUTRAL
2026-03-12 16:51:42,16:51:42,YESBANK,19.31,0,201,-201,0.0,0.0,NEUTRAL
2026-03-12 16:52:12,16:52:12,IDEA,9.56,1519,0,1519,0.0,0.0,NEUTRAL
2026-03-12 16:52:13,16:52:13,YESBANK,19.31,0,201,-201,0.0,0.0,NEUTRAL
2026-03-12 16:52:43,16:52:43,IDEA,9.56,1519,0,1519,0.0,0.0,NEUTRAL
2026-03-12 16:52:43,16:52:43,YESBANK,19.31,0,201,-201,0.0,0.0,NEUTRAL
2026-03-12 16:53:15,16:53:15,IDEA,9.56,1519,0,1519,0.0,0.0,NEUTRAL
2026-03-12 16:53:15,16:53:15,YESBANK,19.31,0,201,-201,0.0,0.0,NEUTRAL
2026-03-12 16:53:46,16:53:46,IDEA,9.56,1519,0,1519,0.0,0.0,NEUTRAL
2026-03-12 16:53:47,16:53:47,YESBANK,19.31,0,201,-201,0.0,0.0,NEUTRAL
2026-03-12 16:54:18,16:54:18,IDEA,9.56,1519,0,1519,0.0,0.0,NEUTRAL
2026-03-12 16:54:18,16:54:18,YESBANK,19.31,0,201,-201,0.0,0.0,NEUTRAL
2026-03-12 16:54:49,16:54:49,IDEA,9.56,1519,0,1519,0.0,0.0,NEUTRAL
2026-03-12 16:54:50,16:54:50,YESBANK,19.31,0,201,-201,0.0,0.0,NEUTRAL
2026-03-12 16:55:21,16:55:21,IDEA,9.56,1519,0,1519,0.0,0.0,NEUTRAL
2026-03-12 16:55:21,16:55:21,YESBANK,19.31,0,201,-201,0.0,0.0,NEUTRAL
2026-03-12 16:55:52,16:55:52,IDEA,9.56,1519,0,1519,0.0,0.0,NEUTRAL
2026-03-12 16:55:52,16:55:52,YESBANK,19.31,0,201,-201,0.0,0.0,NEUTRAL
2026-03-12 16:56:23,16:56:23,IDEA,9.56,1519,0,1519,0.0,0.0,NEUTRAL
2026-03-12 16:56:23,16:56:23,YESBANK,19.31,0,201,-201,0.0,0.0,NEUTRAL
2026-03-12 21:10:45,21:10:45,IDEA,9.56,1519,0,1519,0.0,0.0,NEUTRAL
2026-03-12 21:10:46,21:10:46,YESBANK,19.31,0,201,-201,0.0,0.0,NEUTRAL
